"specimen","species","country","region","habitat","general_habitat","habit","general_habit","recorder","lemma_papillae_simple","lemma_papillae_bifurcated","lemma_papillae_branch","lemma_prickle","lemma_bicellular","lemma_macro","lemma_rondel","lemma_cross","lemma_bilobate_vertical","lemma_bilobate_horizontal","lemma_saddle","lemma_vertical_elongated","lemma_horizontal_elongated","lemma_reniform_vertical","lemma_reniform_horizontal","lemma_stomata","lemma_stomata_freq","lemma_subsidiary_triangular","lemma_subsidiary_dome","lemma_subsidiary_parallel","palea_papillae_simple","palea_papillae_bifurcated","palea_papillae_branch","palea_margin_prickle","palea_margin_bicellular","palea_margin_macro","palea_sulcus_prickle","palea_sulcus_bicellular","palea_sulcus_macro","palea_rondel","palea_cross","palea_bilobate_vertical","palea_bilobate_horizontal","palea_saddle","palea_vertical_elongated","palea_horizontal_elongated","palea_reniform_vertical","palea_reniform_horizontal","palea_stomata","palea_stomata_freq","palea_subsidiary_triangular","palea_subsidiary_dome","palea_subsidiary_parallel"
"g_aculeata_clark_and_tenorio_949","g_aculeata","mexico","mexico","forest","general_forest","big_erect","erect_or_climbing","ekm","0","0","0","1","1","1","1","0","1","1","0","0","0","1","0","1","1","0","1","0","0","0","0","1","1","1","1","1","1","1","0","0","0","0","1","0","1","0","1","1","1","0","0"
"g_aculeata_mcclure_21556","g_aculeata","honduras","central_america","forest","general_forest","big_erect","erect_or_climbing","jac","0","0","0","1","1","1","1","1","0","1","0","0","0","1","1","1","1","0","1","0","0","0","0","1","1","1","1","1","1","1","0","0","1","0","0","0","1","0","1","1","0","1","0"
"g_aculeata_mcclure_21572","g_aculeata","guatemala","central_america","forest","general_forest","big_erect","erect_or_climbing","jac","0","0","0","1","1","1","1","0","0","1","0","0","1","1","0","1","0","1","1","0","0","0","0","1","0","1","1","1","1","1","0","0","0","0","1","1","1","0","1","0","0","1","1"
"g_aculeata_ortiz_2059","g_aculeata","nicaragua","central_america","forest","general_forest","big_erect","erect_or_climbing","jac","0","0","0","1","1","1","1","1","1","1","0","0","0","0","1","1","0","1","1","0","0","0","0","1","0","0","1","1","1","1","0","1","0","0","1","0","1","0","1","0","0","1","0"
"g_aculeata_stevens_and_moreno_19690","g_aculeata","nicaragua","central_america","forest","general_forest","big_erect","erect_or_climbing","jac","0","0","0","1","1","0","1","0","0","0","0","0","0","1","0","1","0","0","1","1","0","0","0","1","1","0","1","1","1","1","0","0","1","0","0","0","0","0","1","0","0","1","0"
"g_amplexifolia_allen_4039","g_amplexifolia","panama","central_america","forest","general_forest","big_erect","erect_or_climbing","jac","1","0","0","1","1","1","0","1","0","1","0","1","0","0","1","1","1","0","1","1","0","0","0","1","1","0","1","1","1","1","0","0","1","0","1","0","0","0","1","1","0","1","0"
"g_amplexifolia_mcclure_21268","g_amplexifolia","venezuela","andes","forest","general_forest","big_erect","erect_or_climbing","ekm","1","1","0","1","1","0","1","0","0","0","0","0","0","0","0","1","0","1","1","1","0","0","0","1","1","1","1","1","1","1","0","0","0","0","1","0","1","0","1","1","1","1","0"
"g_amplexifolia_stevens_8606","g_amplexifolia","nicaragua","central_america","forest","general_forest","big_erect","erect_or_climbing","jac","1","0","0","1","1","0","1","1","1","1","1","0","1","1","0","1","0","0","1","1","0","0","0","1","1","0","1","1","1","1","0","0","1","0","1","1","0","0","1","1","0","1","0"
"g_amplexifolia_stevens_and_moreno_19559","g_amplexifolia","nicaragua","central_america","forest","general_forest","big_erect","erect_or_climbing","jac","1","1","0","1","1","1","1","1","0","1","1","0","0","1","0","1","0","1","1","1","0","0","0","1","1","0","1","1","1","1","1","0","1","0","1","0","1","0","1","1","1","1","0"
"g_amplexifolia_torres_sn","g_amplexifolia","venezuela","andes","forest","general_forest","big_erect","erect_or_climbing","jac","1","1","0","1","1","0","1","0","1","1","1","1","0","1","1","1","0","1","1","1","0","0","0","1","1","0","1","1","1","1","0","1","0","0","1","1","0","0","1","1","1","0","0"
"g_angustifolia_fosberg_19831","g_angustifolia","colombia","andes","forest","general_forest","big_erect","erect_or_climbing","jac","0","0","0","1","1","0","1","1","0","1","0","0","1","0","0","1","0","1","1","1","0","0","0","1","1","0","1","1","1","1","0","0","1","0","0","0","1","0","1","1","0","1","0"
"g_angustifolia_londono_and_clark_484","g_angustifolia","colombia","andes","forest","general_forest","big_erect","erect_or_climbing","ekm","0","0","0","1","1","1","1","0","0","0","0","0","0","0","0","1","1","0","1","1","0","0","0","1","1","1","1","1","1","1","0","0","0","0","1","0","0","0","1","1","1","0","0"
"g_angustifolia_londono_and_kvist_817","g_angustifolia","colombia","andes","forest","general_forest","big_erect","erect_or_climbing","jac","0","0","0","1","1","1","1","0","0","1","0","0","1","0","0","1","0","0","1","0","0","0","0","1","1","1","1","1","1","1","0","0","1","0","0","1","0","0","1","1","0","1","1"
"g_angustifolia_londono_et_al_1027","g_angustifolia","colombia","andes","forest","general_forest","big_erect","erect_or_climbing","ekm","0","0","0","1","1","0","1","0","0","1","0","0","1","0","0","1","0","1","1","0","0","0","0","1","1","0","1","1","1","1","0","0","1","0","1","0","1","0","1","1","0","1","0"
"g_calderoniana_calderon_and_santos_2476","g_calderoniana","brazil","eastern_south_america","forest","general_forest","leaning_climbing","erect_or_climbing","ekm","1","0","0","1","1","1","0","1","1","0","1","0","1","0","0","1","0","0","1","0","0","0","0","0","0","0","1","1","1","1","0","0","1","0","1","0","0","0","1","1","1","1","0"
"g_calderoniana_calderon_et_al_2386","g_calderoniana","brazil","eastern_south_america","forest","general_forest","leaning_climbing","erect_or_climbing","ekm","1","1","0","1","0","1","1","0","1","0","1","0","1","0","0","1","0","1","1","0","0","0","0","0","0","0","1","0","1","1","0","0","0","0","1","0","1","0","1","0","0","1","0"
"g_chacoensis_davidse_et_al_11233","g_chacoensis","bolivia","eastern_south_america","forest","general_forest","big_erect","erect_or_climbing","jac","0","0","0","1","1","0","1","0","0","0","0","0","1","0","0","1","0","0","1","0","0","0","0","1","1","0","1","1","1","1","0","0","0","0","1","0","1","0","1","1","1","0","0"
"g_chacoensis_nee_35467","g_chacoensis","bolivia","eastern_south_america","forest","general_forest","big_erect","erect_or_climbing","ekm","0","0","0","1","1","0","1","0","0","0","0","0","0","0","0","1","0","1","1","1","0","0","0","1","1","0","1","1","1","1","0","0","0","0","0","0","1","0","1","1","1","0","1"
"g_ciliata_davidse_et_al_17318","g_ciliata","venezuela","eastern_south_america","river","general_forest","leaning_climbing","erect_or_climbing","jac","1","0","1","1","1","1","1","1","1","0","0","0","0","0","0","1","1","1","1","1","0","0","0","0","1","1","1","1","1","1","1","1","0","0","1","0","1","0","1","1","0","1","0"
"g_ciliata_kubitzki_et_al_79_135","g_ciliata","brazil","eastern_south_america","river","general_forest","leaning_climbing","erect_or_climbing","ekm","1","1","1","1","1","1","1","0","1","0","1","0","0","1","0","1","1","1","1","1","0","0","0","1","1","0","1","1","1","1","1","1","0","1","1","0","0","0","1","1","1","0","0"
"g_ciliata_liesner_ 3477","g_ciliata","venezuela","eastern_south_america","river","general_forest","leaning_climbing","erect_or_climbing","jac","1","1","1","1","1","1","1","0","1","0","1","1","0","1","0","1","0","0","1","1","0","0","0","1","1","1","1","1","1","1","0","0","1","0","1","1","0","0","1","1","0","1","0"
"g_glomerata_revilla_3508","g_glomerata","1","eastern_south_america","river","general_forest","leaning_climbing","erect_or_climbing","jac","0","0","0","0","0","0","1","0","0","0","1","1","0","0","0","1","0","1","1","0","0","0","0","1","1","0","1","1","1","1","0","0","1","0","1","0","0","0","1","0","1","1","0"
"g_glomerata_rimachi_11035","g_glomerata","peru","andes","river","general_forest","leaning_climbing","erect_or_climbing","jac","0","0","0","0","0","0","0","0","1","0","1","0","0","1","0","1","0","0","1","1","0","0","0","1","1","0","1","1","1","1","0","1","1","0","1","0","1","0","1","1","1","1","0"
"g_incana_londono_973","g_incana","colombia","andes","forest","general_forest","big_erect","erect_or_climbing","jac","0","0","0","1","1","1","1","0","0","1","0","0","0","1","0","1","0","0","1","1","0","0","0","0","0","0","1","1","1","1","1","1","1","0","0","0","1","0","1","1","1","1","1"
"g_latifolia_davidse_27872","g_latifolia","venezuela","eastern_south_america","river","general_forest","big_erect","erect_or_climbing","ekm","0","0","0","1","0","0","1","1","1","0","0","0","0","1","0","1","0","1","1","1","0","0","0","1","0","0","1","0","1","1","1","0","1","0","0","1","1","1","1","1","1","1","0"
"g_latifolia_davidse_and_miller_26893","g_latifolia","venezuela","eastern_south_america","river","general_forest","big_erect","erect_or_climbing","jac","0","0","0","1","1","0","1","1","1","0","1","0","0","1","0","1","0","0","1","0","0","0","0","1","0","0","1","0","1","1","0","0","1","0","0","1","0","1","1","1","0","1","0"
"g_latifolia_liesner_16183","g_latifolia","venezuela","eastern_south_america","river","general_forest","big_erect","erect_or_climbing","jac","0","0","0","1","1","0","1","0","1","0","0","1","0","0","0","1","0","0","1","0","0","0","0","1","0","0","1","0","1","1","0","0","0","0","1","0","0","1","1","1","0","1","0"
"g_longifolia_cowan_et_al_5123","g_longifolia","mexico","mexico","river","general_forest","small_arching","small_arching","jac","1","1","0","1","1","0","0","0","0","0","1","0","0","1","0","1","0","0","1","0","0","0","0","1","0","1","1","0","1","1","1","1","1","0","1","1","1","0","1","1","0","1","0"
"g_longifolia_matuda_3454","g_longifolia","mexico","mexico","river","general_forest","small_arching","small_arching","jac","1","1","0","1","1","0","0","1","0","0","1","0","0","0","0","1","0","0","1","1","0","0","0","1","0","1","1","1","1","1","0","0","1","0","1","0","1","0","0","x","x","x","x"
"g_macclurei_pohl_and_erickson_12700","g_macclurei","nicaragua","central_america","forest","general_forest","small_arching","small_arching","ekm","1","1","0","1","1","0","1","1","0","0","0","0","0","0","0","1","0","0","1","0","1","1","0","1","1","0","1","1","1","1","1","1","0","0","0","0","1","1","1","0","1","1","1"
"g_macrospiculata_gentry_et_al_21236","g_macrospiculata","peru","andes","river","general_forest","leaning_climbing","erect_or_climbing","jac","0","0","0","0","0","0","0","0","0","0","1","0","0","0","0","1","0","1","1","1","0","0","0","1","1","0","1","1","1","1","0","1","0","0","1","0","1","0","0","x","x","x","x"
"g_macrospiculata_londono_and_kobayashi_569","g_macrospiculata","brazil","eastern_south_america","river","general_forest","leaning_climbing","erect_or_climbing","ekm","0","0","0","0","0","0","1","0","0","0","0","1","0","0","0","1","1","0","1","1","0","0","0","1","1","0","1","1","1","1","0","1","0","0","1","0","1","0","1","1","1","1","0"
"g_macrostachya_londono_and_rosa_745","g_macrostachya","brazil","eastern_south_america","forest","general_forest","big_erect","erect_or_climbing","ekm","1","1","1","1","1","1","0","0","1","0","1","1","0","1","0","1","0","1","1","0","0","0","0","0","0","0","1","1","1","0","0","1","1","1","1","0","1","0","1","1","1","0","0"
"g_macrostachya_londono_and_rosa_748","g_macrostachya","brazil","eastern_south_america","forest","general_forest","big_erect","erect_or_climbing","jac","1","1","1","1","0","1","0","0","1","0","1","1","0","1","0","1","0","0","1","0","0","0","0","0","0","0","1","1","1","1","0","1","1","0","1","0","1","0","1","1","0","0","1"
"g_paniculata_clark_et_al_464","g_paniculata","mexico","mexico","savanna","savanna","small_arching","small_arching","ekm","1","1","1","1","1","1","1","0","1","0","0","1","0","1","1","1","0","0","1","0","1","1","1","1","1","1","1","0","1","1","0","0","0","0","1","0","1","0","1","0","1","1","0"
"g_paniculata_croat_and_hannon_63852","g_paniculata","honduras","central_america","savanna","savanna","small_arching","small_arching","ekm","1","1","1","1","1","1","1","0","0","0","0","0","0","0","0","1","1","1","1","0","1","1","1","1","1","1","1","1","1","1","0","0","0","0","1","0","1","0","1","1","1","1","0"
"g_paniculata_hatschbach_and_cervi_52445","g_paniculata","brazil","eastern_south_america","savanna","savanna","small_arching","small_arching","ekm","1","1","1","1","1","1","1","0","0","0","0","1","0","1","0","1","0","1","1","1","1","1","1","1","1","0","1","1","1","1","0","0","0","0","1","0","1","0","1","1","1","1","0"
"g_paniculata_killeen_2807","g_paniculata","bolivia","eastern_south_america","savanna","savanna","small_arching","small_arching","ekm","1","1","1","1","1","1","1","0","0","0","0","1","0","1","0","1","1","1","1","1","1","1","1","1","1","1","1","0","1","1","0","0","0","0","1","0","1","0","1","0","1","1","0"
"g_paniculata_pohl_and_pinette_13239","g_paniculata","costa rica","central_america","savanna","savanna","small_arching","small_arching","ekm","1","1","1","1","1","0","1","0","1","0","0","1","0","1","0","1","0","0","1","1","1","1","1","1","0","1","1","0","1","1","0","0","0","0","1","0","0","0","1","0","1","1","1"
"g_paniculata_stevens_and_montiel_21482","g_paniculata","nicaragua","central_america","savanna","savanna","small_arching","small_arching","ekm","1","1","1","1","1","0","1","0","0","0","0","1","0","0","0","1","0","1","1","0","1","1","1","1","1","0","1","1","1","1","0","0","0","0","1","0","1","0","1","1","1","1","0"
"g_paniculata_weatherwax_155","g_paniculata","guatemala","central_america","savanna","savanna","small_arching","small_arching","ekm","1","1","1","1","1","0","1","0","0","0","0","1","0","1","0","1","0","1","1","1","1","1","1","1","1","1","1","1","1","1","0","0","0","0","1","1","0","0","1","1","1","0","1"
"g_paraguayana_calderon_and_soderstrom_2355","g_paraguayana","brazil","eastern_south_america","forest","general_forest","big_erect","erect_or_climbing","ekm","1","1","1","1","1","1","1","0","0","0","0","1","0","1","0","1","0","1","1","0","0","0","0","1","1","1","1","1","1","1","0","0","1","0","0","1","0","0","1","1","0","1","1"
"g_superba_calderon_and_soderstrom_2340","g_superba","brazil","eastern_south_america","river","general_forest","big_erect","erect_or_climbing","ekm","1","1","1","1","0","1","1","1","1","1","1","0","1","0","1","1","1","1","0","0","0","0","0","0","0","0","1","1","1","1","1","1","0","1","1","0","1","0","1","0","1","1","0"
"g_superba_londono_and_guedes_760","g_superba","brazil","eastern_south_america","river","general_forest","big_erect","erect_or_climbing","ekm","1","1","1","1","0","1","0","0","1","0","1","0","0","0","0","1","0","0","1","1","0","0","0","1","0","0","1","0","1","1","1","1","0","1","1","0","1","0","1","0","0","1","1"
"g_superba_revilla_2294","g_superba","peru","andes","river","general_forest","big_erect","erect_or_climbing","ekm","1","1","1","1","1","1","1","1","0","1","0","0","1","0","0","1","0","0","1","0","0","0","0","0","0","0","1","1","1","1","1","1","0","0","1","0","1","0","1","1","0","1","0"
"g_superba_soderstrom_1422","g_superba","colombia","andes","river","general_forest","big_erect","erect_or_climbing","ekm","1","1","1","1","0","1","1","1","0","1","0","0","1","0","1","1","1","1","1","0","0","0","0","0","1","0","1","1","1","1","1","0","1","0","1","0","0","0","1","1","0","1","0"
"g_tagoara_hatschbach_33640","g_tagoara","brazil","eastern_south_america","forest","general_forest","leaning_climbing","erect_or_climbing","ekm","0","0","0","1","0","0","1","0","0","0","0","0","0","0","0","1","0","1","1","1","0","0","0","1","1","1","1","1","1","1","0","0","0","0","0","0","0","0","1","1","1","0","0"
"g_tagoara_mcclure_21285","g_tagoara","brazil","eastern_south_america","forest","general_forest","leaning_climbing","erect_or_climbing","jac","0","0","0","1","1","1","1","0","0","1","0","0","0","0","0","1","0","0","0","1","0","0","0","1","0","0","1","1","1","1","0","0","1","0","0","1","0","0","0","x","x","x","x"
"g_trinii_clark_and_oliveira_912","g_trinii","brazil","eastern_south_america","forest","general_forest","small_arching","small_arching","jac","1","1","0","0","0","0","1","1","0","0","0","0","0","0","0","1","0","1","1","0","0","0","0","1","0","0","1","1","1","1","1","0","1","0","0","0","0","0","1","1","0","1","0"
"g_trinii_clark_and_oliveira_914","g_trinii","brazil","eastern_south_america","forest","general_forest","small_arching","small_arching","jac","1","0","0","1","0","0","1","0","0","0","0","0","0","1","1","1","0","0","0","1","0","0","0","1","0","0","1","1","1","1","0","1","1","0","0","0","0","0","1","0","0","0","1"
"g_trinii_dias_sn","g_trinii","brazil","eastern_south_america","forest","general_forest","small_arching","small_arching","jac","0","0","0","1","1","0","1","1","0","1","0","0","1","1","0","1","0","1","1","0","0","0","0","1","1","0","1","1","1","1","1","0","1","0","0","0","0","0","1","1","0","1","1"
"g_trinii_hatschbach_and_cervi_53238","g_trinii","brazil","eastern_south_america","forest","general_forest","small_arching","small_arching","ekm","1","1","0","0","0","0","1","1","0","1","0","0","0","0","1","1","1","1","1","0","0","0","0","1","1","0","1","1","1","1","0","0","1","0","0","0","0","0","1","1","1","1","1"
"g_trinii_smith_et_al_9289","g_trinii","brazil","eastern_south_america","forest","general_forest","small_arching","small_arching","jac","1","0","0","0","0","0","1","0","0","1","0","0","0","0","1","1","0","1","1","1","0","0","0","1","0","0","1","1","1","0","0","0","1","0","0","0","1","0","1","0","1","0","1"
"g_uncinata_mcclure_21364","g_uncinata","ecuador","andes","forest","general_forest","big_erect","erect_or_climbing","jac","0","0","0","1","1","0","1","0","0","0","0","0","0","1","0","1","0","1","1","0","0","0","0","1","1","0","1","1","1","1","0","0","0","0","0","0","0","0","1","0","0","1","0"
"g_velutina_hiramatsu_sn","g_velutina","mexico","mexico","forest","general_forest","small_arching","small_arching","ekm","1","1","1","1","1","1","1","0","0","0","0","0","0","1","0","1","0","1","1","0","0","0","0","1","1","0","1","1","1","1","0","0","0","0","1","0","1","0","1","1","1","1","0"
"g_venezuelae_davidse_and_gonzales_16632","g_venezuelae","venezuela","eastern_south_america","savanna","savanna","small_arching","small_arching","jac","1","1","1","1","1","1","1","0","0","0","0","0","0","1","0","1","0","0","1","1","1","1","1","1","0","1","1","0","1","1","0","0","0","0","0","0","1","0","1","1","0","0","1"
"g_venezuelae_davidse_and_huber_22496","g_venezuelae","venezuela","eastern_south_america","savanna","savanna","small_arching","small_arching","jac","1","1","1","1","1","1","1","0","1","0","0","0","0","1","0","1","0","0","1","1","1","1","1","1","0","1","1","0","1","1","0","1","0","0","0","0","1","0","1","1","0","0","1"
"g_weberbaueri_gentry_43256","g_sarcocarpa","peru","andes","forest","general_forest","leaning_climbing","erect_or_climbing","ekm","0","0","0","0","0","0","1","0","1","0","0","0","0","1","0","1","0","1","1","0","0","0","0","1","0","0","1","0","1","1","0","0","0","0","1","0","1","0","0","x","x","x","x"
"g_weberbaueri_hanson_sn","g_weberbaueri","bolivia","eastern_south_america","forest","general_forest","leaning_climbing","erect_or_climbing","jac","0","0","0","1","1","1","1","0","0","1","0","0","0","0","1","1","0","1","1","1","0","0","0","1","1","0","1","1","1","1","1","0","1","0","0","0","0","0","1","1","1","1","0"
"g_weberbaueri_stannard_451","g_weberbaueri","venezuela","eastern_south_america","forest","general_forest","leaning_climbing","erect_or_climbing","ekm","0","0","0","1","1","0","0","1","1","1","0","0","0","1","0","1","0","0","1","1","0","0","0","1","1","1","1","1","1","1","0","0","1","0","0","0","0","0","1","1","0","1","0"
"unknown_g_aff_weberbaueri_renvoize_4671","g_weberbaueri","bolivia","eastern_south_america","forest","general_forest","leaning_climbing","erect_or_climbing","jac","0","0","0","1","1","1","1","1","0","0","0","0","0","0","0","1","1","0","0","1","0","0","0","0","0","0","1","1","1","1","0","0","0","0","0","0","1","0","1","0","0","1","0"
